HHS Region,Year,Week,Percent of Deaths Due to Pneumonia and Influenza,All Deaths,Number of Pneumonia and Influenza Deaths,Percent of Deaths Due to Pneumonia and Influenza,All Deaths,Number of Pneumonia and Influenza Deaths,Percent of Deaths Due to Pneumonia and Influenza,All Deaths,Number of Pneumonia and Influenza Deaths,Percent of Deaths Due to Pneumonia and Influenza,All Deaths,Number of Pneumonia and Influenza Deaths,Percent of Deaths Due to Pneumonia and Influenza,All Deaths,Number of Pneumonia and Influenza Deaths,Percent of Deaths Due to Pneumonia and Influenza,All Deaths,Number of Pneumonia and Influenza Deaths,Percent of Deaths Due to Pneumonia and Influenza,All Deaths,Number of Pneumonia and Influenza Deaths,Percent of Deaths Due to Pneumonia and Influenza,All Deaths,Number of Pneumonia and Influenza Deaths,Percent of Deaths Due to Pneumonia and Influenza,All Deaths,Number of Pneumonia and Influenza Deaths,Percent of Deaths Due to Pneumonia and Influenza,,Number of Pneumonia and Influenza Deaths,,,,,Percent of Deaths Due to Pneumonia and Influenza,All Deaths,Number of Pneumonia and Influenza Deaths
1,2010,40,8.28,2233,185,7.19,3962,285,6.2,4964,308,6.42,10270,659,7.57,8533,646,6.36,5406,344,6.76,2454,166,7.85,1402,110,7.79,5637,439,7.1,1775,126,,,,,7.007462046,46636,3268
1,2010,41,8.82,2301,203,8.4,4179,351,7.2,5124,369,6.74,10104,681,7.13,8445,602,7.5,5371,403,7.88,2321,183,8.4,1357,114,7.8,5669,442,7.16,1746,125,,,,,7.450071862,46617,3473
1,2010,42,7.98,2355,188,8.37,4230,354,7,5075,355,6.57,10314,678,7.4,8594,636,6.64,5391,358,6.92,2412,167,6.83,1318,90,8.26,5591,462,7.89,1862,147,,,,,7.286496118,47142,3435
1,2010,43,7.49,2390,179,8.2,4267,350,7.34,4962,364,6.97,9930,692,7.78,8314,647,7.29,5309,387,7.34,2316,170,7.7,1416,109,8.06,5781,466,7.44,1935,144,,,,,7.524667525,46620,3508
1,2010,44,9.34,2312,216,7.54,4167,314,6.9,5088,351,6.31,10303,650,7.99,8558,684,7.09,5476,388,7.47,2410,180,7.16,1410,101,8.42,5876,495,6.93,1890,131,,,,,7.39102969,47490,3510
1,2010,45,7.67,2333,179,8.22,4305,354,7.08,5112,362,6.99,10616,742,7.35,8761,644,7.53,5655,426,8.31,2468,205,7.04,1420,100,8.07,5994,484,6.74,1810,122,,,,,7.463795024,48474,3618
1,2010,46,8.01,2336,187,7.97,4264,340,6.63,5038,334,7.01,10477,734,7.5,8571,643,7.41,5739,425,7.01,2369,166,6.35,1434,91,8.3,6153,511,7.04,1805,127,,,,,7.383887436,48186,3558
1,2010,47,8.77,2371,208,8.03,4286,344,6.79,4951,336,6.84,10428,713,6.96,8444,588,7.93,5637,447,7.55,2304,174,7.59,1437,109,9.23,6002,554,7.84,1952,153,,,,,7.583870158,47812,3626
1,2010,48,10,2311,231,7.66,4201,322,7.53,5246,395,7.54,10349,780,7.37,8851,652,7.76,5762,447,7.58,2492,189,7.7,1480,114,9.32,6344,591,7.92,1918,152,,,,,7.911508763,48954,3873
1,2010,49,8.71,2365,206,8.66,4411,382,7.07,5303,375,6.76,11112,751,7.8,8961,699,7.73,5900,456,7.74,2533,196,7.59,1409,107,8.52,6432,548,6.76,1939,131,,,,,7.646182865,50365,3851
1,2010,50,8.27,2492,206,7.77,4506,350,7.03,5446,383,7.61,11619,884,8.21,9145,751,7.92,5934,470,7.03,2633,185,6.81,1454,99,9.41,6187,582,7.58,1874,142,,,,,7.900175473,51290,4052
1,2010,51,8.6,2476,213,8.54,4484,383,8.01,5470,438,7.16,11408,817,7.98,9035,721,8.31,5947,494,9.03,2504,226,7.6,1486,113,9.25,6196,573,7.65,1922,147,,,,,8.099670123,50928,4125
1,2010,52,9.28,2585,240,9.09,4948,450,8.13,5632,458,7.8,11904,928,8.45,9268,783,9.03,6091,550,9.03,2580,233,9.48,1550,147,10.66,6324,674,7.69,1925,148,,,,,8.731796921,52807,4611
1,2011,1,10.53,2650,279,10.53,5005,527,8.08,5667,458,8.65,12050,1042,8.74,9297,813,9.37,6214,582,9.19,2590,238,6.69,1540,103,10.16,6632,674,7.85,1963,154,,,,,9.084465005,53608,4870
1,2011,2,10.53,2698,284,9.68,4937,478,8.46,5521,467,8.72,11657,1016,8.53,9259,790,9.17,6007,551,8.74,2609,228,8.24,1468,121,10.39,6759,702,7.96,1935,154,,,,,9.065279092,52850,4791
1,2011,3,10.7,2683,287,10.28,4814,495,7.37,5754,424,8.45,11628,983,8.77,9018,791,9.98,6155,614,9.28,2629,244,8.33,1453,121,10.53,6507,685,7.06,1956,138,,,,,9.091773295,52597,4782
1,2011,4,10.74,2541,273,10.86,4880,530,8.81,5698,502,8.49,11519,978,9.01,9210,830,9.61,6172,593,9.03,2580,233,8.42,1473,124,10.67,6457,689,8.1,1925,156,,,,,9.356591364,52455,4908
1,2011,5,11.35,2599,295,10.5,4637,487,8.8,5695,501,8.58,11435,981,8.34,9341,779,9.59,6045,580,8.67,2503,217,7.67,1486,114,10.65,6598,703,8.27,1862,154,,,,,9.216298538,52201,4811
1,2011,6,10.8,2603,281,8.86,4661,413,8.68,5623,488,8.45,11483,970,9.19,9384,862,10.09,6454,651,9.18,2637,242,8.34,1450,121,10.83,6609,716,7.96,2023,161,,,,,9.267481626,52927,4905
1,2011,7,10.12,2736,277,9.81,4698,461,9.22,5784,533,8.79,11528,1013,9.07,9382,851,10.66,6532,696,10.15,2620,266,8.82,1530,135,11.29,6742,761,8.42,2008,169,,,,,9.637789395,53560,5162
1,2011,8,10.53,2620,276,10.06,4640,467,9.9,5757,570,8.99,11306,1016,9.49,9181,871,9.99,6128,612,10.7,2505,268,9.49,1507,143,11.25,6762,761,9.91,2038,202,,,,,9.888643124,52444,5186
1,2011,9,10.39,2637,274,8.82,4580,404,9.3,5602,521,8.64,11220,969,9.93,9171,911,9.28,6046,561,10.43,2617,273,9.52,1533,146,10.96,6878,754,9.32,2059,192,,,,,9.561928052,52343,5005
1,2011,10,12.21,2597,317,9.29,4523,420,9.46,5679,537,8.06,10981,885,8.92,9267,827,9.14,5962,545,9.58,2588,248,10.65,1502,160,11.24,6753,759,9.81,1978,194,,,,,9.438549103,51830,4892
1,2011,11,10.14,2514,255,8.88,4379,389,8.81,5559,490,7.99,10963,876,9.52,9096,866,8.46,5838,494,9.56,2585,247,8.99,1480,133,10.93,6430,703,9.68,2015,195,,,,,9.138992115,50859,4648
1,2011,12,10.53,2450,258,8.84,4301,380,8.69,5372,467,7.38,10676,788,9.62,8937,860,8.3,5686,472,9.3,2484,231,8.27,1499,124,10.7,6353,680,8.18,2116,173,,,,,8.888398765,49874,4433
1,2011,13,10.62,2457,261,9.25,4391,406,8.93,5297,473,7.55,10365,783,8.2,8946,734,8.26,5523,456,8.79,2434,214,6.97,1493,104,9.98,6652,664,8.94,1946,174,,,,,8.623545572,49504,4269
1,2011,14,10.49,2459,258,8.89,4366,388,7.53,5216,393,6.81,10713,730,8.56,8999,770,8.15,5719,466,8.43,2514,212,7.28,1538,112,10.05,6328,636,8.72,2008,175,,,,,8.303249097,49860,4140
1,2011,15,9.81,2425,238,9.14,4267,390,7.62,5091,388,6.97,10218,712,8.64,8799,760,7.82,5536,433,8.14,2359,192,8.71,1412,123,9.56,6265,599,8.98,1970,177,,,,,8.299201522,48342,4012
1,2011,16,9.76,2378,232,8.19,4152,340,7.3,4999,365,7.13,10368,739,8.8,8684,764,7.76,5641,438,7.98,2380,190,9.03,1418,128,9.4,6073,571,8.36,1926,161,,,,,8.180095379,48019,3928
1,2011,17,9.18,2277,209,8.49,4132,351,7.49,4872,365,6.58,10573,696,8.13,8541,694,7.76,5411,420,8.61,2393,206,7.59,1423,108,8.79,6073,534,6.64,1897,126,,,,,7.79332661,47592,3709
1,2011,18,8.41,2247,189,8.42,3990,336,8.03,4909,394,7.13,10389,741,8.65,8593,743,7.24,5527,400,7.31,2311,169,7.18,1477,106,9.09,6064,551,7.12,1938,138,,,,,7.939719675,47445,3767
1,2011,19,9.49,2255,214,7.75,4101,318,7.18,5055,363,6.9,10263,708,8.33,8498,708,7.43,5668,421,8.23,2393,197,7.19,1474,106,9.07,5955,540,8.87,1882,167,,,,,7.870604072,47544,3742
1,2011,20,8.65,2255,195,7.79,3956,308,7.21,4839,349,6.89,10241,706,7.66,8280,634,7.21,5274,380,7.91,2351,186,8.22,1497,123,8.9,6045,538,8.61,1952,168,,,,,7.682587278,46690,3587
1,2011,21,8.33,2282,190,8.14,4031,328,6.88,4927,339,7.07,10286,727,7.79,8162,636,7.24,5467,396,7.67,2359,181,8.18,1442,118,8.68,5866,509,7.12,1840,131,,,,,7.618619005,46662,3555
1,2011,22,8.99,2181,196,8.59,3992,343,7.29,5021,366,6.43,10173,654,7.87,8267,651,7.15,5440,389,7.92,2261,179,7.6,1381,105,8.35,5811,485,7.54,1790,135,,,,,7.563097783,46317,3503
1,2011,23,8.12,2228,181,8.11,3994,324,7.18,4986,358,6.29,10249,645,7.35,8218,604,7.36,5311,391,7.07,2347,166,7.75,1393,108,9.06,6039,547,7.71,1829,141,,,,,7.436579817,46594,3465
1,2011,24,8.37,2295,192,7.72,3977,307,6.9,4766,329,6.35,9987,634,7.61,8308,632,6.52,5400,352,7.25,2220,161,5.98,1389,83,8.67,5986,519,7.91,1731,137,,,,,7.26459541,46059,3346
1,2011,25,8.32,2079,173,8.7,4012,349,7.12,4877,347,6.5,10014,651,7.22,8133,587,6.82,5363,366,7.19,2295,165,6.8,1308,89,8.38,5872,492,6.43,1851,119,,,,,7.287573138,45804,3338
1,2011,26,8.48,2229,189,8.12,3902,317,7.27,4871,354,6.64,10079,669,7.09,8142,577,6.65,5387,358,7.82,2224,174,5.08,1357,69,8.4,6011,505,7.6,1828,139,,,,,7.28003476,46030,3351
1,2011,27,9,2222,200,8.66,3948,342,6.71,4841,325,6.23,9945,620,6.92,8220,569,6.53,5378,351,6.54,2247,147,5.93,1348,80,7.6,5854,445,6.55,1756,115,,,,,6.980047641,45759,3194
1,2011,28,9.24,2251,208,7.13,3939,281,6.29,4879,307,6.56,9921,651,6.93,8063,559,6.1,5361,327,7.14,2284,163,5.76,1337,77,7.94,5493,436,7.67,1852,142,,,,,6.943587483,45380,3151
1,2011,29,8.37,2186,183,7.72,4119,318,6.82,4824,329,6.22,10023,623,6.93,8266,573,6.99,5308,371,6.78,2168,147,6.76,1375,93,7.76,5698,442,6.31,1807,114,,,,,6.975575654,45774,3193
1,2011,30,8.16,2156,176,6.65,4030,268,6.33,4737,300,6.34,9816,622,6.48,8042,521,6.37,5277,336,6.89,2263,156,4.77,1320,63,7.78,5654,440,6.66,1773,118,,,,,6.656607793,45068,3000
1,2011,31,7.9,2126,168,7.26,3873,281,6.21,4768,296,6.14,10248,629,6.26,8114,508,6.22,5483,341,6.16,2323,143,5.92,1369,81,7.83,5660,443,6.27,1802,113,,,,,6.561639645,45766,3003
1,2011,32,6.66,2146,143,7.96,3821,304,6.92,4727,327,6.28,10034,630,6.71,8239,553,5.83,5352,312,6.18,2200,136,6.42,1434,92,7.64,5720,437,5.79,1693,98,,,,,6.683419301,45366,3032
1,2011,33,7.5,2120,159,7.08,3885,275,5.97,4804,287,6.39,9824,628,7.22,8017,579,5.98,5314,318,6.05,2265,137,5.87,1364,80,7.21,5704,411,6.06,1782,108,,,,,6.615053573,45079,2982
1,2011,34,9.31,2106,196,7.53,3797,286,6,4663,280,6.12,9866,604,7.29,8207,598,5.89,5192,306,7.72,2280,176,6.88,1366,94,7.4,5731,424,6.17,1798,111,,,,,6.832422344,45006,3075
1,2011,35,7.65,2158,165,6.85,3882,266,6.45,4868,314,6.23,10037,625,6.98,8282,578,6.21,5413,336,6.83,2270,155,5.43,1325,72,8.09,5672,459,6.42,1699,109,,,,,6.751304653,45606,3079
1,2011,36,7.05,2143,151,7.12,3877,276,6.67,4694,313,6.18,10003,618,6.7,8035,538,6,5302,318,6.54,2234,146,5.91,1336,79,7.97,5750,458,5.9,1832,108,,,,,6.647347697,45206,3005
1,2011,37,8.68,2131,185,6.53,3767,246,6.37,4645,296,5.98,10031,600,7.08,8132,576,6.68,5416,362,7.23,2254,163,5.53,1356,75,7.62,5646,430,6.28,1767,111,,,,,6.742717909,45145,3044
1,2011,38,7.01,2241,157,7.7,4015,309,6.57,4793,315,6.2,10147,629,7.15,8392,600,6.93,5307,368,6.86,2303,158,7.22,1385,100,8.11,5794,470,6.09,1740,106,,,,,6.96489364,46117,3212
1,2011,39,8.6,2128,183,7.95,3952,314,6.31,4885,308,6.64,9842,654,7,8205,574,6.61,5238,346,7.03,2318,163,5.9,1406,83,7.64,5690,435,6.08,1777,108,,,,,6.97167756,45441,3168
1,2011,40,7.6,2211,168,7.6,3958,301,6.86,5085,349,6.25,10308,644,7.12,8564,610,7.1,5435,386,7.3,2411,176,6.71,1416,95,7.69,5670,436,5.46,1795,98,,,,,6.964335261,46853,3263
1,2011,41,8.81,2179,192,8.29,4079,338,6.79,5070,344,6.66,10242,682,7.66,8406,644,6.09,5339,325,6.74,2284,154,5.77,1421,82,8.37,5940,497,7.98,1917,153,,,,,7.276489536,46877,3411
1,2011,42,7.95,2238,178,7.88,4098,323,6.69,5170,346,6.13,10318,633,7.41,8640,640,6.77,5462,370,7.09,2230,158,7.26,1295,94,7.96,5717,455,7.23,1839,133,,,,,7.084051312,47007,3330
1,2011,43,8.54,2318,198,7.72,4199,324,7.06,4988,352,6.36,10209,649,7.41,8575,635,6.19,5480,339,6.95,2317,161,6.11,1473,90,8.98,5792,520,6.63,1810,120,,,,,7.183901953,47161,3388
1,2011,44,7.91,2492,197,7.26,4281,311,7.02,5187,364,6.3,10409,656,8.17,8762,716,6.51,5594,364,7.62,2454,187,7.04,1378,97,8.29,5835,484,6.97,1852,129,,,,,7.265152143,48244,3505
1,2011,45,8.76,2410,211,8.18,4305,352,7,5213,365,6.88,10621,731,8.07,8689,701,6.5,5643,367,8.01,2309,185,7.22,1510,109,8.5,6126,521,6.98,1933,135,,,,,7.541171886,48759,3677
1,2011,46,9.33,2293,214,7.62,4320,329,6.88,5043,347,6.68,10475,700,7.67,8554,656,7.52,5535,416,6.96,2443,170,6.16,1525,94,9.14,6113,559,8.51,1904,162,,,,,7.565605228,48205,3647
1,2011,47,9.06,2208,200,7.34,4221,310,6.37,5021,320,7.45,10250,764,7.76,8517,661,6.82,5428,370,7.35,2396,176,7.32,1408,103,8.86,6005,532,6.89,1946,134,,,,,7.53164557,47400,3570
1,2011,48,8.01,2297,184,7.12,4170,297,7.53,4977,375,6.7,10518,705,8.13,8635,702,7.21,5425,391,8.23,2368,195,7.63,1415,108,9.3,6000,558,7.65,1935,148,,,,,7.67281106,47740,3663
1,2011,49,8.43,2300,194,7.73,4243,328,6.96,5203,362,7.08,10665,755,7.25,8650,627,8.05,5792,466,8.37,2438,204,8.1,1444,117,8.77,6343,556,8.13,1882,153,,,,,7.683823529,48960,3762
1,2011,50,8.68,2280,198,7.77,4142,322,7.22,5183,374,7.31,10781,788,7.94,8830,701,7.67,5753,441,7.93,2383,189,7.33,1474,108,9.52,6448,614,6.54,1943,127,,,,,7.846882175,49217,3862
1,2011,51,8.92,2398,214,7.63,4231,323,7.27,5306,386,7.31,10694,782,7.2,8669,624,8.15,5838,476,7.91,2489,197,7.07,1527,108,9.2,6371,586,7.54,1976,149,,,,,7.767833694,49499,3845
1,2011,52,9.46,2388,226,7.5,4439,333,7.81,5172,404,7.29,10653,777,8.09,8903,720,7.56,5963,451,7.36,2515,185,6.89,1451,100,9.63,6627,638,8.19,1978,162,,,,,7.977799517,50089,3996
1,2012,1,9.47,2440,231,8.31,4547,378,7.97,5555,443,8.03,11262,904,8.53,9089,775,8.28,6013,498,8.55,2574,220,8.28,1509,125,9.69,6729,652,7.53,1912,144,,,,,8.464071276,51630,4370
1,2012,2,8.86,2550,226,7.76,4354,338,8.75,5509,482,7.68,11313,869,8.2,9122,748,8.39,5970,501,8.36,2476,207,8.4,1441,121,9.95,6483,645,6.76,1953,132,,,,,8.342615935,51171,4269
1,2012,3,9.27,2470,229,8.48,4504,382,7.73,5292,409,7.45,11113,828,8.5,9035,768,8.65,6138,531,9,2544,229,7.89,1483,117,9.42,6552,617,8.84,1957,173,,,,,8.383573442,51088,4283
1,2012,4,8.71,2515,219,8.08,4518,365,7.84,5394,423,7.88,10709,844,8.43,8791,741,8.54,5689,486,9.39,2556,240,8.13,1538,125,9.83,6602,649,7.84,1926,151,,,,,8.445798002,50238,4243
1,2012,5,9.63,2440,235,7.83,4317,338,7.32,5148,377,7.41,10796,800,7.95,8939,711,8.44,5782,488,8.01,2433,195,7.75,1471,114,10.18,6444,656,6.62,1872,124,,,,,8.134241167,49642,4038
1,2012,6,9.93,2447,243,7.94,4446,353,7.48,5267,394,7.01,10694,750,8.55,8669,741,8.5,5847,497,7.4,2472,183,6.93,1471,102,9.23,6628,612,8.68,1971,171,,,,,8.10626703,49912,4046
1,2012,7,9.96,2470,246,7.79,4287,334,8.16,5309,433,7.19,11095,798,7.98,9103,726,8.53,6105,521,8.05,2496,201,8.52,1503,128,9.42,6431,606,8.07,1921,155,,,,,8.178233438,50720,4148
1,2012,8,9.54,2431,232,9.01,4249,383,8.17,5432,444,7.33,11234,824,7.97,9060,722,8.63,5978,516,8.57,2508,215,8.53,1512,129,9.48,6626,628,6.82,1920,131,,,,,8.290480864,50950,4224
1,2012,9,9.69,2426,235,7.72,4405,340,8.03,5358,430,7.77,11094,862,7.94,9161,727,8.46,5910,500,8.83,2616,231,7.91,1491,118,10.54,6576,693,7.61,1905,145,,,,,8.403674767,50942,4281
1,2012,10,9.22,2376,219,8.94,4250,380,7.83,5263,412,7.59,10838,823,8.57,9355,802,8.57,6076,521,10.09,2557,258,8.18,1565,128,10.63,6587,700,8.52,1961,167,,,,,8.676320139,50828,4410
1,2012,11,9.97,2337,233,7.66,4323,331,7.21,5283,381,7.37,10816,797,8.9,9312,829,8.38,5896,494,10.44,2663,278,10.28,1547,159,10.21,6632,677,8.99,2035,183,,,,,8.579183384,50844,4362
1,2012,12,9.06,2396,217,7.35,4081,300,7.41,4956,367,7.09,10620,753,8.98,8924,801,8.85,5776,511,9.56,2511,240,8.26,1562,129,10.04,6572,660,7.34,1963,144,,,,,8.35072223,49361,4122
1,2012,13,8.62,2217,191,7.38,4067,300,7.29,4840,353,6.73,10520,708,8.65,8660,749,7.73,5733,443,8.33,2438,203,8.91,1548,138,9.59,6349,609,8.19,1991,163,,,,,7.975104936,48363,3857
1,2012,14,8.41,2282,192,7.86,4175,328,7.36,5082,374,7.4,10544,780,8,8575,686,7.54,5637,425,7.28,2321,169,7.96,1444,115,10.05,6510,654,8.28,1873,155,,,,,8.005284561,48443,3878
1,2012,15,8.48,2452,208,7.25,4236,307,7.5,5159,387,7.02,10684,750,7.94,8687,690,7.9,5621,444,6.76,2395,162,7.88,1497,118,8.94,6410,573,7.33,1978,145,,,,,7.703739897,49119,3784
1,2012,16,8.75,2355,206,8.02,4350,349,6.08,5261,320,6.89,10735,740,7.86,8551,672,7.17,5619,403,7.26,2329,169,8.09,1447,117,9.8,6325,620,6.99,1974,138,,,,,7.628815429,48946,3734
1,2012,17,7.28,2294,167,8,4099,328,6.95,4994,347,6.72,10773,724,8.07,8518,687,6.85,5619,385,8.13,2300,187,8.41,1474,124,8.51,6168,525,7.29,1934,141,,,,,7.5042036,48173,3615
1,2012,18,9.01,2176,196,7.77,4183,325,7.19,5119,368,6.71,10480,703,7.31,8561,626,7.32,5709,418,8.3,2264,188,6.71,1357,91,8.19,6080,498,7.72,1905,147,,,,,7.442404984,47834,3560
1,2012,19,7.92,2286,181,8.19,4019,329,6.41,4882,313,6.44,10268,661,7.31,8402,614,7.24,5468,396,6.6,2212,146,6.78,1387,94,8.17,5945,486,6.69,1913,128,,,,,7.156598692,46782,3348
1,2012,20,8.24,2208,182,7.45,4028,300,6.76,4940,334,6.57,10293,676,6.55,8388,549,6.75,5558,375,7.62,2282,174,6.17,1427,88,8.92,6089,543,7.06,1841,130,,,,,7.121604965,47054,3351
1,2012,21,7.91,2250,178,7.85,3962,311,6.05,4939,299,6.54,10439,683,7.06,8295,586,7.37,5594,412,7.57,2298,174,6.48,1358,88,7.56,5885,445,7.43,1789,133,,,,,7.069153368,46809,3309
1,2012,22,7.88,2106,166,7.18,3898,280,6.9,4712,325,6.64,10276,682,6.07,8055,489,6.96,5514,384,6.44,2236,144,6.03,1376,83,7.81,6066,474,6.72,1860,125,,,,,6.837458513,46099,3152
1,2012,23,6.46,2214,143,8.16,3935,321,6.37,4898,312,6.14,10338,635,6.5,8203,533,6.12,5406,331,5.89,2276,134,6.58,1428,94,7.67,5919,454,7.05,1802,127,,,,,6.64383119,46419,3084
1,2012,24,7.89,2179,172,6.48,3965,257,6.17,4924,304,5.95,10364,617,7.13,8321,593,6.97,5610,391,6.51,2288,149,6.59,1336,88,7.95,5961,474,6.1,1917,117,,,,,6.747039368,46865,3162
1,2012,25,7.67,2189,168,6.94,4090,284,7.03,4780,336,6.19,10156,629,6.81,8286,564,6.87,5400,371,6.48,2239,145,7.09,1339,95,7.58,5961,452,6.25,1759,110,,,,,6.826987597,46199,3154
1,2012,26,8.24,2185,180,7.39,4086,302,7.44,4678,348,6.36,10256,652,6.33,8069,511,6.63,5653,375,5.58,2259,126,5.5,1417,78,8.26,5764,476,6.55,1785,117,,,,,6.857774311,46152,3165
1,2012,27,7.85,2319,182,6.88,3981,274,5.24,4923,258,6.24,10499,655,5.86,8416,493,6.59,5495,362,6.11,2159,132,5.42,1346,73,8,5823,466,6.53,1822,119,,,,,6.442511169,46783,3014
1,2012,28,7.68,2174,167,7.19,3935,283,6.28,4822,303,6.56,10261,673,6.15,8128,500,6.64,5318,353,5.81,2236,130,4.58,1377,63,7.73,5900,456,6.23,1861,116,,,,,6.615665479,46012,3044
1,2012,29,7.4,2217,164,7.5,3921,294,6.33,4834,306,6.04,10198,616,6.43,8053,518,6.22,5494,342,6.56,2316,152,5.93,1348,80,7.4,5759,426,6.5,1876,122,,,,,6.562934631,46016,3020
1,2012,30,6.27,2138,134,7.13,3939,281,5.91,4803,284,5.96,10064,600,6.07,8007,486,6.48,5621,364,6.08,2268,138,4.86,1318,64,7.71,5795,447,5.24,1776,93,,,,,6.322027597,45729,2891
1,2012,31,6.91,2128,147,7.76,3864,300,6.73,4847,326,5.93,10208,605,6.34,8239,522,6.19,5528,342,6.79,2311,157,5.99,1319,79,7.82,5804,454,6.38,1739,111,,,,,6.617087438,45987,3043
1,2012,32,7.42,2182,162,7.47,3963,296,6.12,4916,301,6.65,10272,683,5.95,8286,493,6.7,5464,366,7.09,2215,157,5.52,1358,75,6.77,5955,403,6.31,1791,113,,,,,6.570837464,46402,3049
1,2012,33,7.04,2145,151,7.64,3820,292,6.75,4901,331,6.17,10220,631,6.34,8101,514,6.04,5430,328,6.2,2226,138,5.78,1384,80,7.85,5963,468,5.29,1777,94,,,,,6.585158918,45967,3027
1,2012,34,6.79,2165,147,7.5,3972,298,6.58,4830,318,5.85,10104,591,6.42,8320,534,6.68,5494,367,6.11,2259,138,5.58,1433,80,6.52,5889,384,6.42,1791,115,,,,,6.424973518,46257,2972
1,2012,35,6.72,2188,147,6.9,4031,278,6.09,4880,297,5.93,10238,607,6.75,8154,550,6.51,5572,363,6.98,2322,162,5.47,1370,75,7.31,5856,428,6.69,1780,119,,,,,6.522816926,46391,3026
1,2012,36,7.21,2218,160,7.03,3953,278,6.7,4940,331,6.13,10473,642,6.56,8263,542,6.38,5579,356,6.7,2255,151,5.81,1359,79,7.83,5889,461,6.28,1815,114,,,,,6.661817559,46744,3114
1,2012,37,7.34,2140,157,7.36,3914,288,7.07,4767,337,5.78,10242,592,6.66,8558,570,6.81,5466,372,7.43,2247,167,7.11,1406,100,8.05,5850,471,6.26,1806,113,,,,,6.826019484,46396,3167
1,2012,38,7.86,2164,170,7.35,4056,298,6.6,4970,328,6.35,10374,659,6.59,8240,543,6.55,5439,356,6.15,2259,139,6,1434,86,7.38,5728,423,6.63,1825,121,,,,,6.71771817,46489,3123
1,2012,39,7.02,2166,152,7.09,4017,285,7.13,4926,351,6.5,10526,684,6.84,8732,597,6.44,5712,368,6.9,2335,161,6.88,1395,96,7.32,5902,432,5.41,1812,98,,,,,6.784083496,47523,3224
1,2012,40,7.04,2272,160,7.34,4196,308,6.73,5155,347,6.11,10329,631,6.94,8643,600,6.42,5716,367,6.77,2424,164,6.77,1417,96,7.36,6007,442,5.88,1836,108,,,,,6.715282842,47995,3223
1,2012,41,8.84,2195,194,7.03,4028,283,6.93,5136,356,6.41,10644,682,6.99,8742,611,6.47,5614,363,7.23,2435,176,5.44,1526,83,7.49,5899,442,7.32,1912,140,,,,,6.918617939,48131,3330
1,2012,42,7.46,2386,178,6.74,4305,290,7.25,5244,380,6.34,10739,681,7.3,8868,647,7.05,5603,395,6.91,2401,166,6.33,1437,91,7.33,5974,438,6.62,1874,124,,,,,6.942311237,48831,3390
1,2012,43,8.75,2332,204,8.16,4116,336,6.58,5089,335,6.51,10442,680,7.17,8572,615,6.74,5612,378,7.11,2392,170,6.47,1453,94,7.54,5905,445,6.9,1898,131,,,,,7.086235385,47811,3388
1,2012,44,7.6,2250,171,6.43,4278,275,6.99,5124,358,6.69,10815,723,7.18,8701,625,6.32,5883,372,6.57,2510,165,6.31,1489,94,7.54,6087,459,6.11,1898,116,,,,,6.848169675,49035,3358
1,2012,45,7.69,2368,182,8.19,4740,388,6.32,5207,329,6.23,11138,694,6.85,8928,612,6.81,5729,390,7.09,2511,178,5.85,1452,85,7.44,6181,460,7.2,1833,132,,,,,6.888014854,50087,3450
1,2012,46,8.18,2274,186,7.92,4395,348,6.74,5270,355,6.49,11171,725,7.04,8758,617,7.19,5829,419,7.01,2452,172,5.89,1444,85,7.56,6268,474,7.08,1964,139,,,,,7.064726543,49825,3520
1,2012,47,7.65,2340,179,8.24,4332,357,6.23,5269,328,6.64,10852,721,6.44,8658,558,7.28,5840,425,7.26,2452,178,7.65,1503,115,7.28,6306,459,7.01,1939,136,,,,,6.983087834,49491,3456
1,2012,48,8.27,2358,195,8.64,4387,379,6.65,5291,352,7.45,11416,850,7.44,8879,661,7.43,6099,453,7.62,2468,188,5.97,1473,88,8.49,6420,545,7.01,1941,136,,,,,7.582985098,50732,3847
1,2012,49,8.46,2365,200,8.51,4582,390,7.29,5586,407,7.63,11653,889,7.16,9242,662,7.92,6189,490,8.08,2561,207,6.99,1517,106,8.45,6257,529,6.63,1930,128,,,,,7.725222621,51882,4008
1,2012,50,8.92,2454,219,8.72,4471,390,7.01,5339,374,8.23,11568,952,7.48,9079,679,7.48,6147,460,7.27,2516,183,7.36,1536,113,8.64,6402,553,7.16,1940,139,,,,,7.894736842,51452,4062
1,2012,51,9.59,2618,251,8.58,4660,400,7.14,5627,402,8.62,11716,1010,8.19,9315,763,8.65,6281,543,7.82,2647,207,6.69,1539,103,8.49,6399,543,7.05,2028,143,,,,,8.262350937,52830,4365
1,2012,52,10.95,2766,303,9.11,4808,438,8.3,5986,497,8.72,12149,1059,8.92,9676,863,8.76,6645,582,8.46,2742,232,8.84,1572,139,9.9,6625,656,8.6,2058,177,,,,,8.988314827,55027,4946
1,2013,1,13.32,2989,398,10.5,5173,543,10.05,6428,646,9.71,12858,1249,10.09,10738,1083,10.7,7074,757,10.63,2981,317,10.55,1725,182,9.48,7164,679,8.17,2154,176,,,,,10.17137845,59284,6030
1,2013,2,14.37,3076,442,12.22,5476,669,10.92,6504,710,9.88,12881,1273,11.43,11114,1270,10.99,7507,825,10.77,3072,331,10.4,1817,189,11.01,7296,803,10.12,2203,223,,,,,11.05076625,60946,6735
1,2013,3,14.66,2885,423,12.5,5194,649,11.84,6307,747,9.58,12362,1184,11.54,10510,1213,9.96,7292,726,11.67,2990,349,11.34,1764,200,11.28,7668,865,9.86,2231,220,,,,,11.10754523,59203,6576
1,2013,4,11.8,2891,341,11.79,5142,606,10.78,6129,661,8.71,11969,1042,10.67,10353,1105,10.9,6956,758,10.83,2918,316,10.11,1701,172,12.56,7597,954,8.81,2237,197,,,,,10.62650061,57893,6152
1,2013,5,12.14,2858,347,10.5,5038,529,9.81,5964,585,8.48,11762,997,9.97,10091,1006,9.86,6449,636,10.95,2849,312,9.29,1668,155,11.93,7476,892,10.01,2248,225,,,,,10.07747815,56403,5684
1,2013,6,9.49,2666,253,10.13,4927,499,9.38,5845,548,8.58,12114,1039,9.03,9739,879,9.18,6403,588,9.23,2752,254,9.47,1636,155,11.43,7524,860,10.32,2141,221,,,,,9.500062784,55747,5296
1,2013,7,10.01,2736,274,9.53,4649,443,8.86,5826,516,8.07,11564,933,9,9619,866,9.22,6207,572,9.89,2648,262,10.27,1646,169,11.46,7452,854,9.84,2125,209,,,,,9.358936701,54472,5098
1,2013,8,9.88,2519,249,8.47,4628,392,8.78,5650,496,7.54,11641,878,8.31,9502,790,9.3,6143,571,9.67,2647,256,9.91,1604,159,10.92,7155,781,8.64,2036,176,,,,,8.870621205,53525,4748
1,2013,9,8.95,2502,224,8.74,4531,396,8.09,5585,452,7.41,11557,856,8.49,9414,799,8.52,6030,514,8.55,2608,223,8.62,1613,139,11.9,7186,855,8.65,2070,179,,,,,8.733237909,53096,4637
1,2013,10,8.87,2344,208,8.77,4572,401,8.55,5616,480,7.64,11847,905,7.67,9234,708,8.27,6325,523,9.27,2696,250,8.33,1560,130,10.54,7000,738,8.28,2174,180,,,,,8.475116174,53368,4523
1,2013,11,8.41,2439,205,8.82,4408,389,8.21,5699,468,8.13,11987,974,8.17,9347,764,8.36,6139,513,8.9,2596,231,7.94,1499,119,9.87,6902,681,8.25,2061,170,,,,,8.504625356,53077,4514
1,2013,12,8.08,2462,199,8.52,4446,379,7.85,5480,430,7.4,11651,862,8.18,9269,758,7.9,6277,496,8.84,2499,221,7.14,1555,111,9.86,6498,641,8.9,2001,178,,,,,8.199393916,52138,4275
1,2013,13,8.31,2407,200,7.86,4467,351,7.69,5420,417,7.67,11563,887,7.84,9324,731,8.68,6153,534,8.54,2507,214,7.56,1508,114,9.63,6488,625,8.12,2008,163,,,,,8.170508246,51845,4236
1,2013,14,8.26,2386,197,8.94,4496,402,7.61,5390,410,7.63,11828,903,8.44,9047,764,7.75,5913,458,7.89,2510,198,7.83,1507,118,8.14,6264,510,7.21,2039,147,,,,,7.993382639,51380,4107
1,2013,15,9.66,2473,239,7.99,4571,365,7.34,5625,413,7.92,11363,900,7.71,8916,687,7.24,5868,425,7.05,2424,171,6.95,1424,99,8.42,6317,532,7.49,1897,142,,,,,7.808876135,50878,3973
1,2013,16,8.71,2389,208,8.12,4346,353,7.68,5297,407,7.28,10824,788,8.01,8753,701,8.15,5819,474,6.16,2386,147,6.57,1477,97,8.42,6390,538,7.18,1880,135,,,,,7.764169407,49561,3848
1,2013,17,8.16,2366,193,7.91,4018,318,6.82,4955,338,7.15,10832,774,6.85,8565,587,8.25,5833,481,8.17,2351,192,7.26,1461,106,8.22,6131,504,6.47,1871,121,,,,,7.469565757,48383,3614
1,2013,18,7.6,2303,175,7.79,4043,315,7.35,5197,382,6.95,10553,733,7.53,8651,651,7.13,5667,404,6.49,2404,156,5.98,1437,86,7.72,6206,479,7.05,1942,137,,,,,7.268144536,48403,3518
1,2013,19,7.99,2291,183,8.14,4199,342,6.68,5074,339,6.83,10629,726,6.72,8424,566,6.89,5570,384,7.15,2379,170,6.84,1418,97,7.73,6077,470,6.81,1895,129,,,,,7.102343815,47956,3406
1,2013,20,7.56,2210,167,7.65,4025,308,6.76,5028,340,6.83,10617,725,6.78,8421,571,6.65,5636,375,7.47,2248,168,5.3,1377,73,7.91,6003,475,6.41,1841,118,,,,,7.003332911,47406,3320
1,2013,21,8.7,2183,190,7.78,4087,318,6.4,4889,313,6.03,10499,633,6.94,8320,577,7.07,5641,399,6.51,2319,151,6.01,1481,89,7.48,6019,450,7.43,1898,141,,,,,6.889048504,47336,3261
1,2013,22,6.66,2132,142,6.81,4026,274,5.77,4936,285,6.36,10346,658,6.3,8286,522,6.18,5602,346,6.93,2280,158,6.97,1407,98,7.68,5850,449,6.23,1781,111,,,,,6.52360331,46646,3043
1,2013,23,7.76,2282,177,7.76,3997,310,7.01,4764,334,7.05,10536,743,6.62,8198,543,7.14,5602,400,7.5,2307,173,6.31,1442,91,7.3,6029,440,7.59,1883,143,,,,,7.130102041,47040,3354
1,2013,24,8.09,2201,178,8.06,3847,310,6.63,4754,315,6.77,10507,711,7,8060,564,6.58,5716,376,6.98,2279,159,6.57,1415,93,7.94,6007,477,5.47,1828,100,,,,,7.04294847,46614,3283
1,2013,25,7.17,2175,156,7.86,3803,299,6.76,4897,331,6.26,10459,655,6.72,8209,552,6.76,5662,383,7.44,2272,169,5.68,1425,81,6.87,5778,397,5.93,1820,108,,,,,6.733333333,46500,3131
1,2013,26,8.12,2254,183,6.59,3975,262,6.02,4799,289,6.41,10405,667,6.39,8134,520,6.37,5573,355,6.4,2157,138,5.8,1379,80,7.72,5986,462,6.09,1791,109,,,,,6.598066863,46453,3065
1,2013,27,7.44,2192,163,6.85,3969,272,5.85,4835,283,6.14,10321,634,6.37,8121,517,6.58,5683,374,5.86,2236,131,6.13,1404,86,6.75,6137,414,6.18,1828,113,,,,,6.392586569,46726,2987
1,2013,28,7.84,2295,180,7.38,3783,279,6.72,4690,315,6.19,10210,632,6.43,8083,520,6.73,5451,367,6.55,2274,149,5.81,1378,80,7.08,5891,417,5.93,1789,106,,,,,6.642090568,45844,3045
1,2013,29,5.82,2232,130,7.25,3958,287,6.41,4864,312,6.67,10075,672,6.64,8403,558,6.54,5478,358,6.32,2198,139,5.96,1326,79,7.16,5768,413,5.47,1882,103,,,,,6.60618396,46184,3051
1,2013,30,6.34,2208,140,7.08,3941,279,5.94,4813,286,5.8,10347,600,6.55,8140,533,5.99,5491,329,6.45,2172,140,5.97,1324,79,6.5,5938,386,5.39,1837,99,,,,,6.212806475,46211,2871
1,2013,31,6.22,2188,136,7.75,3869,300,6.04,4833,292,6.24,10247,639,6.19,8286,513,5.92,5579,330,6.84,2238,153,6.02,1411,85,6.92,5624,389,5.32,1898,101,,,,,6.363026011,46173,2938
1,2013,32,6.26,2174,136,7.58,3879,294,6.52,4850,316,6.44,10187,656,6.22,8108,504,5.82,5531,322,7.03,2246,158,5.22,1379,72,7.09,5924,420,5.96,1812,108,,,,,6.47862877,46090,2986
1,2013,33,6.33,2148,136,6.84,3906,267,6.32,4796,303,6.48,10195,661,6.45,8062,520,6.72,5495,369,6.51,2272,148,6.37,1444,92,7.17,5791,415,5.12,1818,93,,,,,6.540814771,45927,3004
1,2013,34,7.5,2173,163,6.19,3977,246,6.48,4844,314,5.92,10159,601,6.47,8132,526,6.83,5492,375,6.5,2340,152,6.05,1355,82,7.26,5813,422,5.35,1777,95,,,,,6.460857106,46062,2976
1,2013,35,7.06,2238,158,6.72,3916,263,6.02,4719,284,5.99,10341,619,6.6,8343,551,5.72,5328,305,6.23,2344,146,4.7,1362,64,7.18,5965,428,4.83,1779,86,,,,,6.267400453,46335,2904
1,2013,36,7.03,2078,146,6.85,3739,256,6.3,4807,303,5.91,10272,607,5.89,7893,465,6.15,5450,335,6.62,2266,150,5.18,1408,73,7.45,5862,437,4.86,1871,91,,,,,6.272181571,45646,2863
1,2013,37,7.34,2247,165,6.94,3935,273,5.95,4821,287,6.19,10292,637,6.47,8210,531,6.16,5457,336,6.37,2259,144,5.02,1415,71,7.58,5870,445,5.9,1796,106,,,,,6.468403093,46302,2995
1,2013,38,6.37,2197,140,7.28,3982,290,6.61,4884,323,6.43,10419,670,6.35,8349,530,5.7,5510,314,6.48,2360,153,7.21,1332,96,7.33,5801,425,5.33,1781,95,,,,,6.512925024,46615,3036
1,2013,39,6.96,2270,158,7.42,4082,303,6.1,4822,294,6.57,10398,683,6.5,8401,546,6.86,5482,376,7.13,2257,161,5.72,1434,82,6.46,5788,374,4.7,1809,85,,,,,6.550713476,46743,3062
1,2013,40,8.37,2343,196,7.04,3962,279,6.84,5087,348,5.9,10523,621,6.44,8511,548,6.65,5457,363,6.69,2271,152,6.24,1411,88,7.18,6073,436,6.2,1952,121,,,,,6.623240177,47590,3152
1,2013,41,7.76,2216,172,6.85,3988,273,6.51,4836,315,6.05,10467,633,6.64,8393,557,6.2,5615,348,6.19,2325,144,8.44,1564,132,7.44,6064,451,6.58,1930,127,,,,,6.650069623,47398,3152
1,2013,42,7.67,2296,176,7.27,4086,297,6.26,4906,307,6.18,10415,644,6.87,8460,581,6.68,5595,374,7.18,2409,173,6.46,1440,93,7.53,6083,458,6.39,1973,126,,,,,6.774647001,47663,3229
1,2013,43,7.65,2289,175,6.39,4084,261,6.27,4942,310,6.3,10399,655,6.52,8725,569,6.49,5610,364,6.89,2381,164,7.57,1492,113,7.06,5946,420,7.09,1947,138,,,,,6.627627314,47815,3169
1,2013,44,6.06,2358,143,7.11,4207,299,6.43,5134,330,6.01,10916,656,6.78,8889,603,6.55,5668,371,7.75,2401,186,6.92,1402,97,7.97,6026,480,6.75,1852,125,,,,,6.734489182,48853,3290
1,2013,45,7.22,2353,170,7.27,4224,307,6.55,5057,331,6.68,10890,727,6.89,8698,599,7.61,5701,434,7.66,2415,185,6.18,1423,88,7.56,6282,475,6.68,2006,134,,,,,7.033782544,49049,3450
1,2013,46,7.49,2404,180,7.3,4331,316,6.39,5117,327,6.44,11072,713,6.44,8768,565,6.78,5809,394,7.26,2493,181,7.46,1501,112,7.28,6140,447,5.73,1884,108,,,,,6.750944082,49519,3343
1,2013,47,7.89,2407,190,7.43,4255,316,5.77,5251,303,6.86,10890,747,6.73,8868,597,7.12,5910,421,7.19,2435,175,6.97,1421,99,7.68,6225,478,6.82,2037,139,,,,,6.971971267,49699,3465
1,2013,48,7.5,2319,174,6.98,4182,292,6.34,5113,324,6.54,10988,719,6.64,8762,582,7.04,5983,421,7.76,2409,187,6.43,1494,96,7.99,6160,492,6.93,1963,136,,,,,6.932939056,49373,3423
1,2013,49,8.02,2468,198,7.45,4360,325,6.26,5384,337,7.02,11331,796,6.5,9026,587,7.32,6185,453,7.57,2498,189,7.09,1466,104,8.43,6251,527,6.45,1953,126,,,,,7.152114999,50922,3642
1,2013,50,7.81,2394,187,7.18,4347,312,6.54,5339,349,7.65,11252,861,7.25,9342,677,8,6323,506,7.78,2531,197,7,1558,109,8.94,6865,614,5.76,2015,116,,,,,7.558788439,51966,3928
1,2013,51,7.74,2456,190,7.3,4370,319,6.85,5457,374,7.42,11623,863,7.29,9310,679,8.79,6573,578,8.25,2510,207,8.37,1554,130,8.27,6683,553,6.76,2101,142,,,,,7.665710432,52637,4035
1,2013,52,7.02,2421,170,8.29,4440,368,6.4,5310,340,7.82,11426,893,7.44,9220,686,9.67,6421,621,8.04,2638,212,8.17,1591,130,8.6,6579,566,8.54,2013,172,,,,,7.987091569,52059,4158
1,2014,1,8.14,2409,196,8.65,4461,386,7.3,5493,401,8.93,11891,1062,8.65,9500,822,10.71,6899,739,8.92,2691,240,10.34,1682,174,10.17,6964,708,8.69,2072,180,,,,,9.078465466,54062,4908
1,2014,2,9.03,2624,237,8.76,4770,418,8.21,5896,484,9.59,12391,1188,9.33,9973,930,11.59,7006,812,10,2780,278,10.89,1653,180,10.86,7063,767,10.07,2184,220,,,,,9.787007455,56340,5514
1,2014,3,10.02,2506,251,9.64,4576,441,8.76,5494,481,9.29,12062,1120,9.16,9641,883,11.98,6860,822,10.05,2687,270,9.21,1628,150,12.25,7280,892,9.24,2024,187,,,,,10.0387158,54758,5497
1,2014,4,9.19,2504,230,8.98,4475,402,8.4,5664,476,9.29,12142,1128,9.19,9489,872,10.93,6654,727,8.31,2562,213,9.52,1513,144,12.15,7095,862,8.44,2109,178,,,,,9.651889977,54207,5232
1,2014,5,8.59,2444,210,8.61,4736,408,8.81,5640,497,8.85,12037,1065,9.33,9364,874,10.08,6628,668,8,2636,211,9.61,1624,156,10.75,6955,748,9.01,1987,179,,,,,9.280124327,54051,5016
1,2014,6,8.29,2533,210,8.75,4515,395,8.28,5688,471,8.52,11938,1017,8.24,9195,758,9.54,6528,623,9.22,2528,233,8.97,1538,138,11.31,6966,788,7.93,2042,162,,,,,8.967477698,53471,4795
1,2014,7,8.52,2677,228,9.17,4634,425,8.11,5672,460,8.05,11704,942,7.79,9438,735,9.26,6622,613,8.28,2574,213,8.52,1701,145,10.83,6789,735,7.91,2099,166,,,,,8.647746244,53910,4662
1,2014,8,7.87,2630,207,8.81,4598,405,7.97,5530,441,7.22,11555,834,7.44,9272,690,8.45,6320,534,7.72,2642,204,6.91,1534,106,9.29,6601,613,8.23,2065,170,,,,,7.970121523,52747,4204
1,2014,9,8.11,2590,210,8.08,4332,350,7.62,5474,417,7.55,11345,856,6.89,9070,625,8.32,6346,528,7.03,2545,179,8.61,1509,130,9.18,6461,593,6.97,2095,146,,,,,7.792609191,51767,4034
1,2014,10,9.26,2580,239,8.47,4392,372,6.96,5572,388,7.24,11458,829,7.77,9158,712,8.55,6423,549,8.39,2622,220,7.91,1543,122,9.58,6324,606,6.76,2087,141,,,,,8.010122893,52159,4178
1,2014,11,9.45,2604,246,8.31,4418,367,6.93,5415,375,7.12,11218,799,7.33,9353,686,8.22,6298,518,7.97,2558,204,8.31,1516,126,9.15,6492,594,6.57,2040,134,,,,,7.799738018,51912,4049
1,2014,12,8.45,2532,214,8.46,4493,380,7.07,5361,379,7.26,11467,832,7.24,8903,645,7.66,6139,470,7.52,2619,197,7.58,1584,120,8.29,6450,535,7.45,1932,144,,,,,7.606837607,51480,3916
1,2014,13,8.84,2500,221,9.39,4379,411,7.78,5268,410,6.5,11198,728,7.02,8987,631,7.33,6083,446,8.71,2550,222,9.16,1572,144,8.28,6375,528,6.29,2034,128,,,,,7.59431555,50946,3869
1,2014,14,10.2,2519,257,8.58,4499,386,7.27,5281,384,6.7,11261,755,7.55,8913,673,7.58,6052,459,7.89,2498,197,7.08,1553,110,8.4,6349,533,6.38,2021,129,,,,,7.621795627,50946,3883
1,2014,15,8.83,2616,231,8.95,4583,410,6.65,5217,347,6.83,10883,743,7.21,8931,644,7.58,6013,456,7.85,2638,207,8.2,1537,126,7.95,6412,510,6.89,1958,135,,,,,7.499803103,50788,3809
1,2014,16,9.85,2476,244,9.02,4348,392,6.66,5242,349,6.69,11046,739,7.03,8722,613,7.16,5883,421,7.16,2485,178,7.74,1512,117,7.66,6306,483,5.94,1952,116,,,,,7.308092532,49972,3652
1,2014,17,9.89,2548,252,8.97,4461,400,6.61,5217,345,6.14,11162,685,6.81,8720,594,6.25,5918,370,7.37,2389,176,7.74,1485,115,7.93,6126,486,6.86,1968,135,,,,,7.116854022,49994,3558
1,2014,18,9.91,2462,244,8.86,4298,381,6.48,5266,341,6.68,10952,732,6.45,8676,560,6.9,5883,406,7.03,2448,172,7.17,1464,105,7.54,6298,475,6.74,1988,134,,,,,7.137830502,49735,3550
1,2014,19,7.79,2476,193,8.57,4307,369,6.66,5372,358,6.4,11126,712,6.81,8912,607,7.52,6013,452,6.81,2481,169,7.4,1527,113,7.48,6280,470,6.16,1932,119,,,,,7.063816285,50426,3562
1,2014,20,7.91,2415,191,7.85,4014,315,6.8,4984,339,6.4,10717,686,6.67,8256,551,6.42,5775,371,6.13,2316,142,6.4,1422,91,7.31,6173,451,6.08,1925,117,,,,,6.779590391,47997,3254
1,2014,21,7.47,2368,177,7.15,3984,285,6.52,5019,327,6.32,10978,694,6.15,8704,535,6.65,5833,388,6.85,2352,161,7.29,1536,112,7.86,6020,473,6.24,1892,118,,,,,6.71650988,48686,3270
1,2014,22,8.03,2291,184,6.87,3976,273,5.4,4948,267,6.24,10938,682,6.7,8670,581,6.28,5686,357,6.98,2277,159,6.59,1471,97,7.36,6142,452,5.99,1854,111,,,,,6.555032848,48253,3163
1,2014,23,6.93,2252,156,7.18,4038,290,6.79,4981,338,6.51,10761,701,6.56,8243,541,6.84,5764,394,7.1,2295,163,6.33,1406,89,7.33,6192,454,6.22,1898,118,,,,,6.782354171,47830,3244
1,2014,24,7.09,2355,167,7.63,3957,302,6.77,4994,338,6.43,10751,691,6.35,8441,536,6.61,5615,371,7,2327,163,7.64,1479,113,7.16,6065,434,6.52,1918,125,,,,,6.763809444,47902,3240
1,2014,25,7.49,2255,169,6.95,4029,280,6.26,4908,307,5.93,10599,628,6.23,8513,530,6.44,5622,362,7.8,2409,188,5.46,1448,79,7.23,6044,437,6.02,1860,112,,,,,6.483947407,47687,3092
1,2014,26,7.63,2201,168,7.47,4018,300,5.59,4977,278,5.83,10746,626,5.81,8302,482,6.51,5711,372,5.33,2309,123,6.17,1476,91,7.71,5877,453,5.84,1919,112,,,,,6.321524739,47536,3005
1,2014,27,6.61,2361,156,6.27,3969,249,6.28,4924,309,6.1,10454,638,6.26,8312,520,6.56,5719,375,5.57,2298,128,5.51,1469,81,6.97,6168,430,6.78,1859,126,,,,,6.336650327,47533,3012
1,2014,28,6.79,2209,150,7,3916,274,6.15,5006,308,6.18,10573,653,6.14,8556,525,6.32,5668,358,6.43,2364,152,4.82,1433,69,6.9,6015,415,5.09,1847,94,,,,,6.300039927,47587,2998
1,2014,29,6.46,2152,139,6.25,3922,245,5.94,4886,290,6.09,10743,654,6.3,8280,522,6.62,5699,377,6.89,2323,160,5.55,1423,79,6.54,6036,395,5.12,1856,95,,,,,6.246830093,47320,2956
1,2014,30,7.43,2179,162,6.53,3905,255,6.32,4890,309,5.87,10492,616,6.3,8508,536,6.36,5680,361,6.51,2304,150,5.93,1433,85,6.92,6012,416,5.46,1849,101,,,,,6.329890798,47252,2991
1,2014,31,6.9,2203,152,7.08,3900,276,5.83,4870,284,5.6,10549,591,6.44,8263,532,6.37,5686,362,6.46,2260,146,5.72,1417,81,6.64,6072,403,6.09,1872,114,,,,,6.245222118,47092,2941
1,2014,32,7.88,2285,180,6.95,3826,266,5.49,5006,275,5.7,10776,614,6.03,8227,496,5.81,5595,325,5.82,2301,134,5.21,1382,72,6.93,5890,408,4.31,1902,82,,,,,6.043653316,47190,2852
1,2014,33,6.66,2192,146,7.1,3844,273,5.71,4813,275,5.68,10539,599,5.97,8174,488,6.2,5600,347,6.94,2307,160,4.92,1444,71,7.09,6038,428,5.05,1902,96,,,,,6.153287943,46853,2883
1,2014,34,5.76,2204,127,7.62,3909,298,5.9,4793,283,5.52,10511,580,6.31,8382,529,6.07,5502,334,6,2367,142,5.53,1410,78,6.99,5951,416,5.63,1830,103,,,,,6.167438486,46859,2890
1,2014,35,7.61,2208,168,6.44,3915,252,5.51,4682,258,5.45,10462,570,6.04,8300,501,5.82,5623,327,6.82,2317,158,6.55,1436,94,6.82,5824,397,5.51,1977,109,,,,,6.0628102,46744,2834
1,2014,36,6.17,2189,135,7.21,3911,282,5.9,4917,290,6.02,10659,642,6.25,8497,531,5.61,5561,312,6.97,2281,159,7.1,1492,106,6.98,6148,429,4.51,1863,84,,,,,6.250263058,47518,2970
1,2014,37,7.07,2178,154,6.71,3725,250,5.74,4738,272,5.73,10544,604,5.93,8502,504,6.34,5643,358,6.55,2352,154,7.48,1498,112,6.37,6040,385,4.96,1916,95,,,,,6.126951799,47136,2888
1,2014,38,6.07,2192,133,7.4,4028,298,5.84,4899,286,5.8,10674,619,5.85,8753,512,6.59,5618,370,6.52,2408,157,6.57,1506,99,6.91,6154,425,5.33,1990,106,,,,,6.231595537,48222,3005
1,2014,39,6.63,2353,156,7.43,4159,309,5.26,5042,265,5.71,10728,613,6.29,8723,549,5.61,5796,325,7.54,2388,180,6.89,1481,102,7.3,5947,434,5.16,1900,98,,,,,6.247294763,48517,3031
1,2014,40,6.39,2331,149,7.22,4116,297,5.74,5018,288,5.89,10749,633,6.65,8683,577,6.71,5678,381,6.11,2340,143,6.07,1499,91,7.03,6129,431,5.13,1911,98,,,,,6.373054856,48454,3088
1,2014,41,6.56,2333,153,6.76,4231,286,5.88,5251,309,6.17,11054,682,6.46,8752,565,6.26,5796,363,6.53,2374,155,6.31,1522,96,7.1,6193,440,5.77,1992,115,,,,,6.392177462,49498,3164
1,2014,42,6.51,2381,155,7.09,4187,297,5.98,5267,315,6.12,10720,656,6.46,9061,585,6.52,5724,373,6.18,2442,151,4.74,1581,75,6.33,6086,385,6.28,1973,124,,,,,6.304884464,49422,3116
1,2014,43,7.15,2363,169,6.47,4186,271,6.94,5129,356,6.18,10909,674,6.55,8729,572,6.32,5933,375,7.91,2454,194,7.55,1510,114,6.43,6068,390,5.86,1963,115,,,,,6.559174722,49244,3230
1,2014,44,7.55,2383,180,7.06,4152,293,6.39,5114,327,5.87,10934,642,6.2,8839,548,6.15,5786,356,6.68,2411,161,6.47,1514,98,7.5,6078,456,6.07,1977,120,,,,,6.467024478,49188,3181
1,2014,45,5.82,2490,145,6.48,4432,287,5.82,5313,309,6.16,11499,708,6.58,9238,608,6.3,5934,374,6.35,2537,161,5.49,1529,84,6.98,6258,437,5.61,1977,111,,,,,6.296014217,51207,3224
1,2014,46,7.73,2418,187,6.71,4234,284,6.34,5443,345,6.38,11250,718,6.13,8949,549,6.19,5913,366,6.39,2584,165,5.77,1561,90,6.86,6374,437,6.38,2005,128,,,,,6.443791764,50731,3269
1,2014,47,6.56,2468,162,6.65,4419,294,6.75,5481,370,6.35,11551,733,6.25,9540,596,6.52,6454,421,6.48,2562,166,4.81,1662,80,7.02,6451,453,7.05,2129,150,,,,,6.496955441,52717,3425
1,2014,48,7.46,2440,182,6.54,4281,280,5.99,5392,323,6.43,11652,749,6.53,9377,612,6.78,6254,424,6.57,2540,167,5.92,1606,95,7.79,6467,504,6.82,2068,141,,,,,6.676651881,52077,3477
1,2014,49,7.82,2377,186,7.18,4501,323,6.12,5438,333,7.07,11888,840,7.09,9540,676,7.05,6436,454,6.86,2639,181,7.19,1614,116,7.33,6505,477,6.79,2032,138,,,,,7.030394563,52970,3724
1,2014,50,7.19,2615,188,7.24,4417,320,6.79,5630,382,7.19,11939,859,7.46,9786,730,7.92,6413,508,8.15,2761,225,8.55,1626,139,7.48,6470,484,6.48,2054,133,,,,,7.387685949,53711,3968
1,2014,51,8.09,2547,206,7.38,4513,333,7.36,5682,418,7.81,12453,972,8.94,10244,916,8.07,6396,516,9.12,2730,249,9.02,1641,148,7.99,6547,523,7.09,2102,149,,,,,8.075836296,54855,4430
1,2014,52,7.03,2474,174,8.56,4534,388,8.95,5776,517,8.11,12802,1038,9.48,10562,1001,8.59,6566,564,9.4,2820,265,9.13,1752,160,7.75,6888,534,7.71,2062,159,,,,,8.535457714,56236,4800
1,2014,53,8.59,2653,228,9.31,4825,449,11.15,6218,693,9.99,13380,1336,11.36,11092,1260,9.8,6997,686,12.47,2967,370,12.21,1531,187,8.65,7124,616,8.29,2232,185,,,,,10.18316135,59019,6010
1,2015,1,10.2,2863,292,10.43,5166,539,11.56,6678,772,10.16,13339,1355,12.25,11253,1379,10.62,7343,780,11.78,3089,364,11.27,1153,130,9.36,7660,717,9.6,2343,225,,,,,10.76256015,60887,6553
1,2015,2,11.25,2907,327,10.92,5173,565,11.45,6666,763,9.99,13276,1326,10.85,11028,1196,10.39,7302,759,11.64,2980,347,12.43,1030,128,10.16,7730,785,12.03,2253,271,,,,,10.71671224,60345,6467
1,2015,3,11.24,2935,330,10.77,5118,551,10.91,6369,695,8.86,12606,1117,9.63,10391,1001,10.09,7153,722,10.66,2898,309,8.87,902,80,11.16,7305,815,9.52,2237,213,,,,,10.07183065,57914,5833
1,2015,4,10.84,3043,330,10.07,5033,507,9.82,6057,595,8.59,12395,1065,9.05,9524,862,9.61,6881,661,9.78,2823,276,8.04,945,76,10.37,7625,791,9.86,2242,221,,,,,9.51774855,56568,5384
1,2015,5,12.38,3093,383,9.7,5031,488,8.99,6042,543,8.26,12734,1052,8.11,9599,778,8.96,6778,607,9.29,2842,264,8.53,938,80,10.6,7301,774,8.9,2291,204,,,,,9.131670462,56649,5173
1,2015,6,12.72,2949,375,9.13,4963,453,8.67,6075,527,7.84,12574,986,8.11,9579,777,8.34,6753,563,8.83,2708,239,10.78,928,100,9.86,7294,719,9.13,2180,199,,,,,8.817384783,56003,4938
1,2015,7,10.13,2844,288,9.46,5002,473,7.78,6132,477,7.77,12770,992,7.97,9695,773,8.98,6526,586,8.4,2775,233,8.09,1013,82,9.23,7172,662,7.98,2093,167,,,,,8.448466674,56022,4733
1,2015,8,10.42,2802,292,9.92,4851,481,8.09,6018,487,8.02,12949,1038,7.7,9699,747,7.99,6693,535,9.23,2718,251,9.06,1048,95,9.57,6826,653,7.35,2081,153,,,,,8.497800126,55685,4732
1,2015,9,11.16,2716,303,8.94,4846,433,8.31,5935,493,8.03,12700,1020,7.54,9870,744,8.41,6693,563,9.53,2824,269,9.13,997,91,8.73,7173,626,7.24,2140,155,,,,,8.403406448,55894,4697
1,2015,10,9.39,2779,261,8.59,4701,404,7.7,5804,447,8.31,12525,1041,7.66,9764,748,8.44,6562,554,8.57,2764,237,8.98,1091,98,8.6,7084,609,7.87,2172,171,,,,,8.272092097,55246,4570
1,2015,11,7.92,2665,211,8.8,4567,402,7.11,5596,398,7.74,12030,931,7.87,9574,753,7.91,6547,518,9.03,2712,245,8.68,1348,117,8.13,6983,568,8.12,2031,165,,,,,7.969955414,54053,4308
1,2015,12,8.9,2752,245,7.31,4445,325,7.14,5660,404,6.83,11721,801,7.12,9407,670,8.05,6309,508,8.17,2657,217,9.41,1211,114,8.16,6545,534,7.76,2203,171,,,,,7.539217539,52910,3989
1,2015,13,8.91,2649,236,7.82,4567,357,6.83,5577,381,7.11,11793,838,7.48,9736,728,7.23,6251,452,8.03,2590,208,7.7,1013,78,7.95,6406,509,5.43,2027,110,,,,,7.407477808,52609,3897
1,2015,14,9.22,2626,242,8.08,4527,366,6.49,5535,359,6.58,11586,762,7.69,9438,726,7.3,6100,445,8.99,2637,237,8.42,1199,101,7.79,6679,520,6.86,2013,138,,,,,7.443637753,52340,3896
1,2015,15,9.75,2636,257,7.72,4467,345,7.09,5504,390,6.97,11302,788,7.21,9675,698,7.93,6217,493,8.57,2601,223,8.74,1544,135,7.76,6753,524,6.97,2009,140,,,,,7.575700083,52708,3993
1,2015,16,9.93,2547,253,8.2,4242,348,7.14,5277,377,6.63,11354,753,8.07,9186,741,6.94,5978,415,7.59,2502,190,6.46,1610,104,8.04,6770,544,6.79,2135,145,,,,,7.499854654,51601,3870
1,2015,17,8.72,2545,222,7.25,4320,313,6.55,5359,351,7.03,11216,788,7.17,9149,656,7.47,6091,455,6.92,2472,171,7.3,1507,110,7.59,6717,510,5.93,2074,123,,,,,7.189504373,51450,3699
1,2015,18,7.96,2562,204,7.45,4227,315,6.68,5327,356,6.35,11633,739,6.83,9142,624,7.38,6167,455,6.64,2469,164,6.41,1545,99,7.31,6453,472,6.56,2135,140,,,,,6.906697638,51660,3568
1,2015,19,7.61,2456,187,7.48,4227,316,6.42,5203,334,6.34,11510,730,6.92,8797,609,7.11,5949,423,6.51,2395,156,6.58,1549,102,7.56,6405,484,6.51,2211,144,,,,,6.873496115,50702,3485
1,2015,20,7.31,2353,172,7.52,4015,302,5.86,4987,292,6.03,11146,672,6.41,8690,557,6.88,5902,406,6.55,2382,156,5.77,1578,91,7.37,6322,466,6.62,1994,132,,,,,6.5749762,49369,3246
1,2015,21,7.33,2415,177,7.24,4158,301,6.99,5191,363,6.23,10954,682,6.65,8576,570,7.01,5948,417,7.02,2463,173,7.03,1522,107,7.36,6592,485,5.4,2019,109,,,,,6.789999599,49838,3384
1,2015,22,6.85,2278,156,7.59,4125,313,5.81,4943,287,6.17,10879,671,5.7,8527,486,6.64,6057,402,6.35,2442,155,8.54,1511,129,7.27,6476,471,6.63,2006,133,,,,,6.504345707,49244,3203
1,2015,23,6.16,2372,146,6.64,4159,276,6.71,5064,340,5.99,11149,668,6.03,8696,524,7.08,5987,424,6.08,2416,147,7.87,1524,120,7.12,6448,459,5.88,1957,115,,,,,6.467491762,49772,3219
1,2015,24,7.21,2287,165,7.49,3926,294,5.55,4970,276,5.93,11173,663,6.1,8512,519,7.09,5857,415,8.13,2374,193,6.36,1525,97,6.53,6445,421,5.16,2017,104,,,,,6.411196675,49086,3147
1,2015,25,8.5,2307,196,8.05,3986,321,5.85,5028,294,5.98,11124,665,5.76,8479,488,6.62,5708,378,7.05,2410,170,5.96,1578,94,7.38,6397,472,5.8,2035,118,,,,,6.515534535,49052,3196
1,2015,26,7.63,2359,180,6.97,4018,280,6.19,5042,312,5.82,10923,636,6.04,8574,518,6.4,5888,377,6.89,2424,167,6.13,1516,93,6.83,6442,440,5.64,1967,111,,,,,6.335320326,49153,3114
1,2015,27,7.1,2437,173,6.78,4040,274,6.09,4942,301,5.99,11247,674,6.21,8416,523,6.34,5759,365,6.18,2458,152,6.1,1492,91,6.82,6053,413,5.36,1976,106,,,,,6.292503073,48820,3072
1,2015,28,6.89,2321,160,6.56,4037,265,6.68,4821,322,5.78,11086,641,5.91,8666,512,6.12,6011,368,6.01,2461,148,5.5,1490,82,6.74,6201,418,5.31,1998,106,,,,,6.155789131,49092,3022
1,2015,29,7.06,2309,163,6.6,4015,265,5.86,4826,283,6.06,10874,659,5.89,8426,496,6.27,5916,371,5.83,2401,140,5.66,1554,88,6.75,6107,412,5.56,1962,109,,,,,6.170696425,48390,2986
1,2015,30,5.8,2295,133,6.86,4007,275,5.82,4915,286,5.64,10861,613,6.24,8588,536,5.75,5756,331,6.18,2396,148,4.86,1523,74,6.56,6341,416,4.95,1899,94,,,,,5.981762417,48581,2906
1,2015,31,6.56,2227,146,6.51,3976,259,5.52,4873,269,6.03,10926,659,6.17,8532,526,6,5867,352,6.01,2396,144,6.1,1476,90,6.73,6139,413,4.81,1852,89,,,,,6.106000332,48264,2947
1,2015,32,6.93,2209,153,6.6,4013,265,5.82,5000,291,5.6,10851,608,5.92,8458,501,6.06,5760,349,5.9,2405,142,5.39,1447,78,6,6132,368,4.45,1864,83,,,,,5.895427824,48139,2838
1,2015,33,6.43,2240,144,6.75,3985,269,6.07,5011,304,5.85,10932,639,5.55,8515,473,6.03,5720,345,6.23,2281,142,5.13,1423,73,6.85,6351,435,5.74,1951,112,,,,,6.064987915,48409,2936
1,2015,34,6.76,2250,152,6.53,3908,255,5.57,4936,275,5.66,10842,614,5.95,8525,507,6.06,5812,352,6.33,2403,152,5.05,1583,80,6.57,6268,412,5.34,1948,104,,,,,5.988653945,48475,2903
1,2015,35,6.46,2243,145,6.54,4067,266,6.05,5093,308,6.17,10946,675,6.38,8682,554,5.28,5679,300,5.54,2381,132,4.62,1450,67,6.31,6224,393,4.97,1950,97,,,,,6.028943857,48715,2937
1,2015,36,6.35,2301,146,6.26,4028,252,5.84,4931,288,5.96,11023,657,6.01,8533,513,5.86,5717,335,6.02,2394,144,5.7,1438,82,6.68,6331,423,4.96,2076,103,,,,,6.034199951,48772,2943
1,2015,37,5.89,2293,135,5.85,3934,230,5.74,4967,285,5.91,11038,652,6.17,8675,535,6.64,5802,385,5.96,2449,146,5.99,1502,90,7,6331,443,5.99,1937,116,,,,,6.166203401,48928,3017
1,2015,38,7.24,2308,167,6.78,3995,271,5.94,5066,301,5.96,11115,663,5.88,8760,515,5.97,5813,347,6.42,2444,157,6.54,1453,95,6.86,6308,433,5.19,1985,103,,,,,6.197331817,49247,3052
1,2015,39,6.4,2361,151,7.1,3917,278,6.06,5065,307,5.84,10967,641,6.14,8654,531,6.1,5815,355,6.99,2375,166,6.02,1546,93,6.79,6099,414,6.04,2004,121,,,,,6.263959183,48803,3057
1,2015,40,7.09,2525,179,6.61,4432,293,5.91,5383,318,6.01,11307,680,6.15,8985,553,5.93,5949,353,6.69,2512,168,6.2,1499,93,7.16,6411,459,5.57,1992,111,,,,,6.288851848,50995,3207
1,2015,41,6.41,2510,161,6.96,4182,291,6.34,5170,328,5.96,11152,665,5.99,8851,530,6.82,5731,391,6.32,2435,154,5.69,1547,88,6.47,6412,415,6.1,1936,118,,,,,6.29131114,49926,3141
1,2015,42,5.74,2457,141,7.49,4380,328,5.33,5254,280,5.95,11369,676,6.16,9165,565,7.27,5983,435,6.46,2555,165,6.66,1531,102,6.71,6106,410,6.36,1998,127,,,,,6.35654947,50798,3229
1,2015,43,7.11,2419,172,6.76,4174,282,5.42,5350,290,6.03,11285,681,6.12,9075,555,6.45,5831,376,7.66,2414,185,5.3,1548,82,6.8,6190,421,6.02,2025,122,,,,,6.292858421,50311,3166
1,2015,44,6.52,2561,167,6.77,4283,290,6.36,5392,343,6.4,11545,739,6.27,8877,557,6.58,5909,389,7.35,2395,176,6.33,1579,100,7.15,6394,457,6.53,1991,130,,,,,6.574244983,50926,3348
1,2015,45,6.71,2414,162,7.06,4038,285,5.75,5117,294,5.96,11088,661,6.51,8839,575,6.47,5953,385,5.66,2491,141,6.58,1565,103,7,6789,475,6.33,2101,133,,,,,6.377616827,50395,3214
1,2015,46,7.96,2489,198,6.76,4098,277,6.41,5207,334,5.94,11461,681,6.18,8837,546,7.01,5992,420,6.3,2492,157,5.19,1581,82,7.16,6943,497,5.54,2038,113,,,,,6.462904298,51138,3305
1,2015,47,7.14,2464,176,6.48,4104,266,6.24,5210,325,6.17,11450,706,6.39,8453,540,6.03,5691,343,5.75,2572,148,6.21,1514,94,8.01,6741,540,5.49,2130,117,,,,,6.467444217,50329,3255
1,2015,48,6.59,2322,153,6.64,4052,269,6.11,5306,324,6.09,11488,700,6.68,8535,570,7.05,5720,403,6.21,2415,150,6.18,1536,95,7.79,6877,536,7.05,2200,155,,,,,6.650016848,50451,3355
1,2015,49,6.24,2402,150,6.71,4230,284,6.11,5400,330,6.46,11897,768,6,8488,509,7.33,6412,470,6.23,2570,160,6.59,1624,107,7.56,7088,536,5.72,2185,125,,,,,6.576028759,52296,3439
1,2015,50,6.79,2341,159,6.96,4179,291,6.7,5209,349,6.43,11096,713,6.24,8551,534,7.31,6158,450,6.53,2436,159,7.16,1438,103,7.39,6859,507,5.94,2037,121,,,,,6.731075064,50304,3386
1,2015,51,6.68,2335,156,6.51,4102,267,6.3,5352,337,6.63,10986,728,6.39,8448,540,7.09,6224,441,6.06,2490,151,5.71,1400,80,7.75,6474,502,7.14,2072,148,,,,,6.715714773,49883,3350
1,2015,52,7.08,2174,154,7.52,3910,294,6.5,4984,324,7.4,10396,769,7.26,8440,613,7.95,5984,476,7.19,2546,183,7.91,1529,121,8.62,6900,595,6.56,2044,134,,,,,7.489725397,48907,3663
1,2016,1,8.01,1898,152,7.95,4078,324,6.4,4903,314,7.52,11324,852,7.25,8943,648,7.94,6565,521,7.96,2687,214,6.75,1555,105,8.21,7535,619,6.5,2201,143,,,,,7.529648475,51689,3892
1,2016,2,7.49,1909,143,7.34,4099,301,7.64,4962,379,7.04,11071,779,7.04,9093,640,8.06,6226,502,8.34,2615,218,7.96,1532,122,8.49,7411,629,6.7,2075,139,,,,,7.553977997,50993,3852
1,2016,3,7.8,1924,150,7.07,4003,283,6.35,4804,305,6.85,10916,748,6.6,8699,574,7.57,6185,468,7.24,2584,187,7.3,1466,107,8.99,7134,641,6.15,2194,135,,,,,7.209120599,49909,3598
1,2016,4,6.98,1934,135,7.22,3946,285,6.72,4600,309,7,10809,757,7.06,8471,598,7.42,6280,466,7.35,2530,186,6.8,1515,103,8.15,6948,566,6.27,2059,129,,,,,7.198728917,49092,3534
1,2016,5,8.12,1933,157,7.26,3720,270,6.76,3844,260,6.96,10535,733,7.23,8563,619,7.54,5996,452,7.55,2332,176,6.66,1441,96,8.09,7107,575,5.11,2055,105,,,,,7.244455666,47526,3443
1,2016,6,8.91,1886,168,7.25,3351,243,5.56,3182,177,6.42,10196,655,6.84,8056,551,7.6,6017,457,7.15,2196,157,7.46,1448,108,8.22,7213,593,5.69,1881,107,,,,,7.079646018,45426,3216
1,2016,7,7.95,1711,136,7.88,2753,217,4.92,2660,131,6.27,9465,593,6.6,7820,516,7.01,5476,384,7.24,2169,157,6.26,1309,82,9.41,6513,613,5.41,1644,89,,,,,7.027938343,41520,2918
1,2016,8,6.16,1445,89,7.76,2228,173,5.61,2370,133,6.28,8059,506,7.19,7105,511,7.56,4697,355,6.85,2029,139,8.14,1155,94,9.68,5649,547,7.44,1572,117,,,,,7.337023878,36309,2664
1,2016,9,7.35,1442,106,7.75,2232,173,6.69,2302,154,6.96,7683,535,6.52,7118,464,6.64,4817,320,7.44,1923,143,8.23,1008,83,9.58,5676,544,6.14,1579,97,,,,,7.319731694,35780,2619
1,2016,10,7.87,1449,114,8.14,2236,182,6.85,2162,148,6.29,6896,434,6.73,7071,476,6.95,4689,326,8.84,1911,169,7.07,905,64,8.85,5456,483,7.15,1553,111,,,,,7.303076206,34328,2507
1,2016,11,9.22,1377,127,7.46,2318,173,5.55,1713,95,6.53,6465,422,7.53,6644,500,7.18,4413,317,7.82,1816,142,9.42,711,67,8.78,5535,486,4.91,1528,75,,,,,7.392373924,32520,2404
1,2016,12,8.87,1387,123,7.42,2330,173,6.92,1329,92,6.06,6042,366,7.1,6478,460,6.67,4270,285,6.36,1744,111,7.33,791,58,8.33,5224,435,7.33,1460,107,,,,,7.116406376,31055,2210
1,2016,13,8.01,1373,110,6.62,2024,134,6.38,1034,66,5.94,5639,335,7.11,5530,393,6.19,3796,235,7.25,1503,109,6.64,783,52,7.63,4928,376,7.06,1303,92,,,,,6.814029305,27913,1902
